ID,FIRST_NAME,LAST_NAME,EMAIL,GENDER,IP_ADDRESS,REGION
1,Padget,MacGillivray,pmacgillivray0@t-online.de,Male,23.17.46.247,North America
2,Lexis,Godlip,lgodlip1@archive.org,Female,69.163.112.187,Europe
3,Neall,Hucke,nhucke2@canalblog.com,Male,126.87.249.174,Australia
4,Gaby,Shimwell,gshimwell3@canalblog.com,Male,48.147.8.178,North America
5,Rudd,Caccavella,rcaccavella4@booking.com,Male,170.108.108.196,Australia
6,Liesa,Leffek,lleffek5@telegraph.co.uk,Female,85.42.32.100,Australia
7,Francene,McGonnell,fmcgonnell6@t.co,Female,16.60.200.243,North America
8,Adolph,Stothert,astothert7@quantcast.com,Male,188.46.92.188,Europe
9,Kendal,Tynan,ktynan8@tinypic.com,Male,37.86.219.6,Australia
10,Innis,Nortcliffe,inortcliffe9@weather.com,Male,161.167.131.159,Australia
11,Ermin,Dunbar,edunbara@miibeian.gov.cn,Male,57.171.250.53,North America
12,Mira,Jammet,mjammetb@hostgator.com,Female,74.181.46.10,Europe
13,Jock,Tawn,jtawnc@linkedin.com,Male,226.228.17.109,North America
14,Jeramey,Willmer,jwillmerd@wp.com,Male,68.62.185.68,Australia
15,Jeromy,Sivier,jsiviere@wordpress.com,Male,56.105.176.205,North America
16,Lilias,Lyford,llyfordf@yahoo.com,Female,153.47.134.9,Australia
17,Sansone,Gostage,sgostageg@imdb.com,Male,38.24.212.51,North America
18,Sampson,Ovitz,sovitzh@umn.edu,Male,87.236.215.173,Australia
19,Bernardine,Sibbs,bsibbsi@arstechnica.com,Female,30.200.149.118,North America
20,Jareb,Sirl,jsirlj@tinyurl.com,Male,128.181.252.56,Australia
21,Alysia,Fishpoole,afishpoolek@digg.com,Female,82.221.28.119,North America
22,Deena,O'Crigan,docriganl@blogspot.com,Female,141.6.92.40,Australia
23,Elset,Margaritelli,emargaritellim@discovery.com,Genderfluid,98.42.201.12,Australia
24,Rita,Ovett,rovettn@phpbb.com,Female,86.131.229.13,North America
25,Vanya,Mansion,vmansiono@discuz.net,Female,172.4.143.231,North America
26,Lorettalorna,Thoumas,lthoumasp@uiuc.edu,Female,5.189.124.168,Europe
27,Dallas,Luard,dluardq@nbcnews.com,Male,65.136.117.243,North America
28,Trent,Mullard,tmullardr@i2i.jp,Male,46.90.249.198,North America
29,Dorree,Fayer,dfayers@icio.us,Female,204.0.137.228,North America
30,Ann-marie,McCormack,amccormackt@mac.com,Female,212.186.118.23,Europe
31,Jed,Buglass,jbuglassu@narod.ru,Male,191.107.91.23,Australia
32,Shaine,Scottrell,sscottrellv@apple.com,Female,126.41.29.27,Europe
33,Artemus,Smowton,asmowtonw@huffingtonpost.com,Male,56.122.195.215,Australia
34,Jodi,Pikett,jpikettx@4shared.com,Genderqueer,163.205.26.13,Australia
35,Orson,Pellew,opellewy@kickstarter.com,Male,129.20.244.114,Europe
36,Sheppard,O'Hannen,sohannenz@noaa.gov,Male,46.182.80.23,Australia
37,Ricki,Gregoli,rgregoli10@foxnews.com,Female,77.162.31.153,Europe
38,Felix,Jackett,fjackett11@zimbio.com,Male,48.11.18.203,Australia
39,Frederigo,Tear,ftear12@walmart.com,Male,83.250.239.255,Australia
40,Cordie,Mudge,cmudge13@home.pl,Male,193.254.170.107,Europe
41,Justina,Ladbury,jladbury14@diigo.com,Female,151.72.89.76,Australia
42,Kippy,Shemwell,kshemwell15@ow.ly,Male,123.254.149.98,Europe
43,Bibbye,Ayto,bayto16@ihg.com,Female,244.146.33.122,North America
44,Hebert,Grayham,hgrayham17@wikipedia.org,Male,189.183.176.10,Australia
45,Cherise,Labdon,clabdon18@instagram.com,Female,41.147.99.176,North America
46,Lelia,Jakuszewski,ljakuszewski19@mashable.com,Female,244.167.245.121,Australia
47,Lesya,Cockrill,lcockrill1a@slashdot.org,Female,193.33.3.51,North America
48,Brianne,Chong,bchong1b@dion.ne.jp,Female,25.93.180.186,Europe
49,Marten,Rubinek,mrubinek1c@biblegateway.com,Male,210.144.52.68,Europe
50,Penelope,Dumbarton,pdumbarton1d@loc.gov,Female,75.57.8.150,Europe
51,Orlan,Crossdale,ocrossdale1e@soup.io,Male,233.31.155.149,Australia
52,Noel,Duckfield,nduckfield1f@facebook.com,Female,3.110.4.183,Australia
53,Rosana,Hiddy,rhiddy1g@altervista.org,Female,249.196.130.120,North America
54,Arman,Atkin,aatkin1h@tumblr.com,Male,139.32.148.212,North America
55,Karoly,Ambrogi,kambrogi1i@stumbleupon.com,Male,230.213.234.185,Australia
56,Gerry,Kornalik,gkornalik1j@storify.com,Male,35.206.37.177,Australia
57,Vicki,Hallworth,vhallworth1k@paypal.com,Genderqueer,6.116.244.228,Australia
58,Hector,Offer,hoffer1l@home.pl,Male,61.202.93.45,Australia
59,Danit,Szachniewicz,dszachniewicz1m@bizjournals.com,Female,74.144.90.136,Australia
60,Shawna,Tobin,stobin1n@kickstarter.com,Female,223.168.199.164,North America
61,Olav,Temperley,otemperley1o@ox.ac.uk,Bigender,72.168.56.107,North America
62,Carolyne,Weippert,cweippert1p@redcross.org,Female,87.117.231.241,Australia
63,Carolus,Goodyear,cgoodyear1q@imageshack.us,Male,187.220.113.178,Europe
64,Calley,Gleader,cgleader1r@google.com,Female,250.122.187.10,Europe
65,Constantia,Scollan,cscollan1s@webnode.com,Female,175.85.242.110,North America
66,Felike,Etuck,fetuck1t@soup.io,Male,228.66.227.7,Australia
67,Johnath,Pennock,jpennock1u@webeden.co.uk,Female,91.23.114.20,North America
68,Trix,Goakes,tgoakes1v@cargocollective.com,Female,89.162.141.171,Australia
69,Sharline,Zettoi,szettoi1w@deliciousdays.com,Female,247.1.70.73,Australia
70,Lisbeth,Messam,lmessam1x@globo.com,Female,196.226.134.101,Australia
71,Heda,Moreinu,hmoreinu1y@over-blog.com,Female,37.9.32.131,Europe
72,Bond,Kempster,bkempster1z@purevolume.com,Male,249.177.132.254,Europe
73,Gherardo,Wratten,gwratten20@cafepress.com,Male,23.81.13.188,North America
74,Alene,Martindale,amartindale21@ifeng.com,Female,36.85.136.241,Australia
75,Forrester,Challace,fchallace22@deviantart.com,Male,177.46.104.127,North America
76,Georgie,Rigler,grigler23@reuters.com,Male,229.47.9.67,Australia
77,Ezekiel,Hoyes,ehoyes24@ucoz.com,Male,33.234.147.113,North America
78,Danette,Varlow,dvarlow25@list-manage.com,Female,144.101.74.46,Europe
79,Bella,O' Reagan,boreagan26@irs.gov,Female,57.110.155.118,Australia
80,Tannie,Mcsarry,tmcsarry27@nature.com,Non-binary,65.164.181.64,Australia
81,Bradford,Savoury,bsavoury28@unblog.fr,Genderqueer,169.49.60.132,Europe
82,Blisse,Beatens,bbeatens29@friendfeed.com,Female,247.12.46.213,Europe
83,Jeanie,Manlow,jmanlow2a@hibu.com,Female,20.98.29.117,North America
84,Trip,Dunnett,tdunnett2b@liveinternet.ru,Male,2.144.255.238,North America
85,Hill,Clegg,hclegg2c@guardian.co.uk,Male,177.192.196.78,North America
86,Keen,Toone,ktoone2d@berkeley.edu,Male,63.124.234.210,North America
87,Marilee,Stave,mstave2e@amazon.de,Female,241.171.8.174,North America
88,Darline,Rochewell,drochewell2f@is.gd,Female,89.94.243.85,North America
89,Marketa,Rudiger,mrudiger2g@rediff.com,Female,46.60.19.148,Australia
90,Jamison,Pirot,jpirot2h@si.edu,Male,231.104.222.33,Europe
91,Nanine,Blackbrough,nblackbrough2i@zdnet.com,Female,185.16.164.96,Europe
92,Hugibert,Shimony,hshimony2j@merriam-webster.com,Male,12.131.203.129,Europe
93,Vassily,Geraudy,vgeraudy2k@shop-pro.jp,Male,98.120.50.148,Europe
94,Kissie,McGuiness,kmcguiness2l@state.tx.us,Female,190.143.250.167,North America
95,Ki,Raybould,kraybould2m@who.int,Female,59.250.68.239,Europe
96,Yuri,MacCumiskey,ymaccumiskey2n@mozilla.com,Male,245.50.209.48,Europe
97,Arch,Crean,acrean2o@umn.edu,Male,57.254.249.44,Europe
98,Casi,Baldassi,cbaldassi2p@joomla.org,Female,27.178.27.185,Europe
99,Trent,Grangier,tgrangier2q@live.com,Non-binary,243.145.51.29,Europe
100,Karalynn,Willford,kwillford2r@china.com.cn,Female,87.152.108.65,Australia
101,Mimi,Kinworthy,mkinworthy2s@comcast.net,Female,190.74.152.12,Europe
102,Alonso,Peetermann,apeetermann2t@house.gov,Male,33.152.58.98,Australia
103,Newton,Sherrock,nsherrock2u@pinterest.com,Male,80.168.9.74,North America
104,Philbert,Heaney`,pheaney2v@tamu.edu,Male,62.116.208.102,Australia
105,Forest,Paur,fpaur2w@sina.com.cn,Male,71.188.234.168,Europe
106,Matelda,Warke,mwarke2x@elpais.com,Female,75.235.116.243,Europe
107,Kerry,Yushmanov,kyushmanov2y@time.com,Female,6.241.83.80,Europe
108,Wenona,Gratrix,wgratrix2z@indiegogo.com,Non-binary,201.89.168.138,Australia
109,Hymie,Moggan,hmoggan30@addtoany.com,Male,245.43.249.57,Australia
110,Chelsie,Itzcovich,citzcovich31@fc2.com,Female,141.252.200.30,Australia
111,Vanessa,Steabler,vsteabler32@smh.com.au,Female,191.200.120.30,Australia
112,Son,Giraudeau,sgiraudeau33@multiply.com,Male,122.136.222.56,North America
113,Romonda,Regardsoe,rregardsoe34@nydailynews.com,Female,27.72.215.58,North America
114,Roberta,Reinhardt,rreinhardt35@opera.com,Female,194.175.70.191,North America
115,Godfree,Sailer,gsailer36@uiuc.edu,Genderqueer,243.138.69.93,Australia
116,Alexis,Chamney,achamney37@usgs.gov,Female,164.107.64.225,Australia
117,Aimee,Sweetman,asweetman38@wp.com,Female,139.182.175.150,North America
118,Ofilia,Luker,oluker39@china.com.cn,Female,16.223.133.88,North America
119,Taddeusz,Wickes,twickes3a@yandex.ru,Male,246.16.132.159,North America
120,Anett,Whitaker,awhitaker3b@com.com,Polygender,177.65.225.171,Europe
121,Karie,Burgin,kburgin3c@uiuc.edu,Female,80.143.6.203,North America
122,Elwira,Sarten,esarten3d@issuu.com,Female,121.149.149.9,Australia
123,Garrett,Kinner,gkinner3e@nba.com,Male,148.45.169.60,Australia
124,Daren,Roust,droust3f@gravatar.com,Male,38.228.126.253,Europe
125,Lamar,Layborn,llayborn3g@wp.com,Male,152.102.124.192,Australia
126,Hugibert,Mandry,hmandry3h@latimes.com,Male,199.248.1.159,Australia
127,Fonzie,Liebmann,fliebmann3i@jugem.jp,Male,250.152.27.252,North America
128,Kirstin,Locksley,klocksley3j@w3.org,Female,140.252.104.37,North America
129,Hedi,Quemby,hquemby3k@patch.com,Female,6.12.67.159,Europe
130,Cacilia,Bromilow,cbromilow3l@engadget.com,Polygender,53.165.88.108,North America
131,Rakel,Darling,rdarling3m@dell.com,Female,210.8.20.50,North America
132,Laney,Orth,lorth3n@nydailynews.com,Female,27.221.129.107,North America
133,Cherin,Easom,ceasom3o@shop-pro.jp,Female,46.82.183.65,Europe
134,Hymie,Jell,hjell3p@prweb.com,Male,172.83.17.126,Australia
135,Irene,Belverstone,ibelverstone3q@edublogs.org,Female,31.78.78.9,North America
136,Gusella,Paz,gpaz3r@google.com,Female,207.37.209.233,Australia
137,Muire,Valenti,mvalenti3s@microsoft.com,Female,42.202.218.38,North America
138,Stacia,Arnecke,sarnecke3t@apache.org,Female,153.49.48.33,Australia
139,Jennie,Ladell,jladell3u@booking.com,Female,67.200.92.2,Australia
140,Lindon,Mapston,lmapston3v@123-reg.co.uk,Male,3.230.240.5,Australia
141,Beilul,Issacoff,bissacoff3w@prlog.org,Female,122.143.172.38,Australia
142,Marga,Scrannage,mscrannage3x@smugmug.com,Female,104.114.67.20,North America
143,Edgard,Risby,erisby3y@linkedin.com,Male,168.103.199.126,Europe
144,Halsy,Guillot,hguillot3z@about.me,Male,200.90.94.16,Europe
145,Marietta,Goodyear,mgoodyear40@wiley.com,Female,227.80.180.83,North America
146,Nora,Lievesley,nlievesley41@psu.edu,Female,136.113.162.1,North America
147,Roslyn,Crocker,rcrocker42@arizona.edu,Genderqueer,189.75.210.22,Australia
148,Myer,Pepperd,mpepperd43@paginegialle.it,Male,88.203.248.164,North America
149,Lotte,Grenshiels,lgrenshiels44@furl.net,Female,229.13.13.78,Europe
150,Jolene,Dummett,jdummett45@com.com,Female,92.194.85.84,North America
151,Bessy,Stitt,bstitt46@barnesandnoble.com,Female,149.137.84.57,North America
152,Ted,Shilburne,tshilburne47@forbes.com,Female,160.168.254.187,Europe
153,Alexei,Brasener,abrasener48@jugem.jp,Male,102.17.203.164,North America
154,Olia,Iliff,oiliff49@prweb.com,Female,173.185.216.219,Australia
155,Thomasine,Brugger,tbrugger4a@ifeng.com,Female,63.158.164.155,North America
156,Grady,Saul,gsaul4b@pcworld.com,Male,50.193.199.162,Australia
157,Darrelle,Tilley,dtilley4c@ftc.gov,Female,119.125.42.146,Europe
158,Brendan,Grasha,bgrasha4d@irs.gov,Male,108.92.112.159,Europe
159,Miner,Sandercroft,msandercroft4e@wordpress.com,Male,33.25.67.94,Australia
160,Miltie,Mullins,mmullins4f@smh.com.au,Male,183.157.62.164,Europe
161,Sterling,Daugherty,sdaugherty4g@webeden.co.uk,Male,255.63.132.40,Australia
162,Roxana,Segeswoeth,rsegeswoeth4h@storify.com,Female,110.10.109.227,Australia
163,Hans,Collishaw,hcollishaw4i@cbsnews.com,Male,135.175.214.99,Europe
164,Efrem,Boyack,eboyack4j@squarespace.com,Genderqueer,63.134.66.29,Europe
165,Padraig,Moggle,pmoggle4k@etsy.com,Male,118.42.44.131,Australia
166,Jerome,Niblo,jniblo4l@stumbleupon.com,Male,44.204.78.228,North America
167,Guglielmo,Lownds,glownds4m@odnoklassniki.ru,Male,142.72.60.234,Australia
168,Vivi,Bertson,vbertson4n@miibeian.gov.cn,Polygender,131.0.81.84,Europe
169,Sasha,Redan,sredan4o@vk.com,Female,164.64.41.30,Europe
170,Beckie,McRuvie,bmcruvie4p@nytimes.com,Female,169.199.202.156,Australia
171,Lorne,Astall,lastall4q@desdev.cn,Female,230.101.126.120,Europe
172,Moshe,Rogger,mrogger4r@discovery.com,Agender,159.233.238.14,North America
173,Torin,Ashington,tashington4s@pagesperso-orange.fr,Genderfluid,114.54.18.67,North America
174,Caddric,Cannings,ccannings4t@nbcnews.com,Male,228.237.17.212,Australia
175,Alexis,Caizley,acaizley4u@sphinn.com,Female,0.223.85.60,Europe
176,Timothee,Itscowics,titscowics4v@rediff.com,Male,64.192.79.82,North America
177,Josh,Szymonwicz,jszymonwicz4w@sfgate.com,Male,105.197.128.141,North America
178,Katine,Tonna,ktonna4x@who.int,Female,45.249.244.37,Europe
179,Julieta,Gannicleff,jgannicleff4y@weibo.com,Female,124.92.212.220,North America
180,Clarine,De'Vere - Hunt,cdeverehunt4z@lulu.com,Female,51.199.61.9,Europe
181,Ronny,Devon,rdevon50@google.co.jp,Female,173.48.95.87,North America
182,Hector,Rodolico,hrodolico51@intel.com,Male,227.106.194.9,North America
183,Clementius,Knoble,cknoble52@a8.net,Male,31.59.171.103,Europe
184,Nikos,Marzello,nmarzello53@slideshare.net,Male,191.54.113.2,Australia
185,Cecelia,Baumber,cbaumber54@prlog.org,Female,224.87.178.32,Australia
186,Craggy,Salvin,csalvin55@netvibes.com,Male,143.71.177.160,North America
187,Lira,Paolotto,lpaolotto56@time.com,Female,103.178.42.222,North America
188,Mandi,Stronge,mstronge57@state.gov,Female,219.255.119.183,North America
189,Trip,Quinsee,tquinsee58@ameblo.jp,Male,202.211.83.139,North America
190,Napoleon,Miguel,nmiguel59@slashdot.org,Male,201.53.158.123,North America
191,Velma,Lorain,vlorain5a@4shared.com,Female,139.239.252.165,Australia
192,Dru,Cargill,dcargill5b@themeforest.net,Male,171.24.124.28,North America
193,Maribelle,Giblin,mgiblin5c@histats.com,Female,227.7.58.20,Australia
194,Gualterio,Corstan,gcorstan5d@phpbb.com,Male,3.115.246.92,Australia
195,Wernher,McKintosh,wmckintosh5e@salon.com,Male,117.147.233.216,Australia
196,Nerty,MacGilfoyle,nmacgilfoyle5f@state.gov,Female,151.204.242.160,Australia
197,Guglielma,Sorrie,gsorrie5g@friendfeed.com,Female,32.39.226.10,Australia
198,Burtie,Gooley,bgooley5h@umn.edu,Agender,166.181.195.200,Australia
199,Lusa,Tonbridge,ltonbridge5i@free.fr,Female,228.205.150.249,Europe
200,Trstram,Cardoso,tcardoso5j@ihg.com,Male,118.48.122.162,North America
201,Hercules,Jovicic,hjovicic5k@sphinn.com,Male,207.94.98.169,North America
202,Rochester,Huckin,rhuckin5l@geocities.jp,Male,148.221.164.71,North America
203,Mikael,MacDermott,mmacdermott5m@redcross.org,Male,232.20.39.2,Australia
204,Hyman,Parlott,hparlott5n@feedburner.com,Male,50.199.186.81,North America
205,Lizbeth,Roney,lroney5o@nps.gov,Female,151.101.84.216,Australia
206,Hans,Wilkerson,hwilkerson5p@php.net,Male,144.7.87.17,Australia
207,Brit,Ord,bord5q@scientificamerican.com,Male,241.142.149.171,Australia
208,Dinnie,Condliffe,dcondliffe5r@uiuc.edu,Female,57.9.110.34,Europe
209,Tarra,Denerley,tdenerley5s@wsj.com,Female,181.55.40.115,North America
210,Atlanta,McLaverty,amclaverty5t@studiopress.com,Female,56.222.106.65,Australia
211,Doy,Braghini,dbraghini5u@lulu.com,Male,208.2.37.59,North America
212,Thia,Forde,tforde5v@icio.us,Female,196.112.34.154,Europe
213,Edmund,Leyton,eleyton5w@wired.com,Male,104.36.91.106,Europe
214,Artie,Figgen,afiggen5x@blogspot.com,Male,168.171.215.119,North America
215,Kayne,Chatan,kchatan5y@pen.io,Male,135.205.32.238,Europe
216,Glyn,Desaur,gdesaur5z@bluehost.com,Male,251.42.227.164,Europe
217,Ardelia,De Simoni,adesimoni60@ebay.co.uk,Female,11.188.198.103,Australia
218,Xenos,I'anson,xianson61@google.co.uk,Male,175.255.42.22,North America
219,Barbie,Brunn,bbrunn62@jiathis.com,Female,231.143.85.95,Australia
220,Thatcher,Pulhoster,tpulhoster63@cbc.ca,Male,30.155.75.0,North America
221,Konstantin,Dourin,kdourin64@slate.com,Male,63.85.251.179,North America
222,Fionna,Bellamy,fbellamy65@economist.com,Polygender,226.14.207.14,Europe
223,Bruis,Cordoba,bcordoba66@patch.com,Male,121.207.141.59,Europe
224,Remus,Bindon,rbindon67@wsj.com,Male,236.170.59.249,Australia
225,Kakalina,Emlin,kemlin68@exblog.jp,Female,18.254.115.135,North America
226,Tyrus,Coller,tcoller69@qq.com,Non-binary,124.194.44.219,Australia
227,Nert,Deackes,ndeackes6a@bravesites.com,Female,250.165.231.204,Europe
228,Margaret,Dobie,mdobie6b@feedburner.com,Female,12.216.33.19,Europe
229,Charlena,Durn,cdurn6c@oakley.com,Female,87.58.26.64,Europe
230,D'arcy,Teliga,dteliga6d@shutterfly.com,Male,108.96.41.113,Europe
231,Felisha,Binns,fbinns6e@hexun.com,Female,184.170.55.195,Europe
232,Addia,Baxendale,abaxendale6f@microsoft.com,Female,220.152.131.175,Australia
233,Rozalie,Gribbin,rgribbin6g@blogspot.com,Female,7.167.79.70,Australia
234,Luci,Aizkovitch,laizkovitch6h@odnoklassniki.ru,Female,107.241.41.2,Australia
235,Herc,Callaghan,hcallaghan6i@php.net,Male,42.209.225.123,Europe
236,Kahaleel,Eddisforth,keddisforth6j@cnet.com,Male,93.38.115.0,Australia
237,Karl,Denniston,kdenniston6k@squidoo.com,Male,196.31.131.65,North America
238,Emerson,Schindler,eschindler6l@posterous.com,Male,91.131.7.81,Europe
239,Sherill,Matonin,smatonin6m@google.de,Female,67.107.130.159,Europe
240,Joby,Petris,jpetris6n@wikia.com,Female,57.98.125.236,Europe
241,Hermina,Ellaman,hellaman6o@ucoz.ru,Genderqueer,219.42.61.60,Australia
242,Douglas,Franzewitch,dfranzewitch6p@tumblr.com,Bigender,89.209.162.249,Australia
243,Daphene,Ledur,dledur6q@sciencedirect.com,Female,181.239.208.30,Australia
244,Flem,Bigham,fbigham6r@npr.org,Male,101.81.160.72,North America
245,Paule,Breckon,pbreckon6s@bizjournals.com,Polygender,102.172.181.2,North America
246,Dalis,Braunton,dbraunton6t@miibeian.gov.cn,Bigender,101.157.55.65,Australia
247,Lara,Reed,lreed6u@discovery.com,Non-binary,173.147.225.158,North America
248,Beth,Blabey,bblabey6v@networkadvertising.org,Female,228.133.74.11,North America
249,Tiphanie,Capp,tcapp6w@mit.edu,Female,228.216.8.249,North America
250,Finn,Sigg,fsigg6x@vinaora.com,Male,45.171.7.59,Europe
251,Emilie,De Fries,edefries6y@angelfire.com,Female,125.132.163.38,Australia
252,Pietra,Kibblewhite,pkibblewhite6z@bravesites.com,Female,28.251.147.220,Australia
253,Rudiger,Abeau,rabeau70@behance.net,Male,189.247.181.137,North America
254,Gabbi,Urch,gurch71@geocities.jp,Female,235.66.3.136,Australia
255,Faith,Janousek,fjanousek72@auda.org.au,Female,115.60.206.117,Australia
256,Shelia,Lavin,slavin73@flavors.me,Female,6.176.170.141,North America
257,Carmel,Gaish,cgaish74@google.co.jp,Female,167.109.237.40,Europe
258,Theodora,Mordan,tmordan75@delicious.com,Female,115.64.11.39,Australia
259,Helenelizabeth,Guitton,hguitton76@amazon.co.jp,Female,0.107.14.27,Australia
260,Marcellina,Rentoll,mrentoll77@example.com,Female,196.78.62.17,North America
261,Dani,Pendergast,dpendergast78@europa.eu,Male,44.44.132.127,Europe
262,Crystal,Hatchett,chatchett79@g.co,Female,148.211.26.87,Europe
263,Wilburt,Kenward,wkenward7a@pcworld.com,Male,122.223.150.139,Europe
264,Isa,Jefferson,ijefferson7b@taobao.com,Female,76.165.247.122,Europe
265,Nikaniki,O'Neal,noneal7c@ifeng.com,Female,139.243.147.247,Europe
266,Randene,Morgue,rmorgue7d@artisteer.com,Female,200.16.172.162,Australia
267,Killie,Petrusch,kpetrusch7e@gravatar.com,Male,15.117.210.227,North America
268,Lionel,Benitti,lbenitti7f@i2i.jp,Male,89.165.127.11,Europe
269,Harman,Stoner,hstoner7g@flavors.me,Male,28.17.185.39,Australia
270,Brook,Ilson,bilson7h@dailymotion.com,Female,137.125.43.190,Europe
271,Care,Stainton,cstainton7i@naver.com,Male,21.0.165.46,Europe
272,Vinny,Hewlings,vhewlings7j@psu.edu,Female,91.63.221.204,North America
273,Kandy,Frankton,kfrankton7k@cocolog-nifty.com,Female,226.236.15.159,Australia
274,Gannie,Padley,gpadley7l@youku.com,Male,10.234.47.134,North America
275,Virge,Rasmus,vrasmus7m@theglobeandmail.com,Male,98.212.4.105,Europe
276,Eda,Hubbucks,ehubbucks7n@tiny.cc,Female,40.247.153.248,Australia
277,Robenia,Consadine,rconsadine7o@aboutads.info,Female,115.127.224.192,North America
278,Thane,Buscombe,tbuscombe7p@va.gov,Male,25.248.69.44,Europe
279,Ricca,Kubes,rkubes7q@ustream.tv,Female,44.39.173.24,Europe
280,Lin,Crummey,lcrummey7r@themeforest.net,Female,252.166.59.178,Australia
281,Alfi,Carss,acarss7s@twitpic.com,Female,52.65.128.209,Europe
282,Mirabelle,Willson,mwillson7t@typepad.com,Female,147.209.33.83,Europe
283,Belvia,Dennison,bdennison7u@dmoz.org,Polygender,221.94.3.179,Australia
284,Traci,McClenan,tmcclenan7v@hc360.com,Female,248.58.123.194,Europe
285,Emmet,Janz,ejanz7w@vkontakte.ru,Non-binary,61.232.169.199,North America
286,Eal,Bollard,ebollard7x@weebly.com,Male,53.36.168.97,Europe
287,Rubetta,Bricknall,rbricknall7y@scientificamerican.com,Female,111.81.129.193,Europe
288,Natalee,Hamelyn,nhamelyn7z@ft.com,Female,219.60.4.10,Australia
289,Jasper,Domleo,jdomleo80@studiopress.com,Male,128.106.51.80,Europe
290,Donovan,Ivachyov,divachyov81@cnbc.com,Male,163.202.142.59,Europe
291,Leeland,Matthews,lmatthews82@mit.edu,Male,100.242.17.141,North America
292,Lorenza,Hughes,lhughes83@bandcamp.com,Female,244.227.147.124,Australia
293,Caspar,Beushaw,cbeushaw84@creativecommons.org,Genderfluid,153.86.109.252,North America
294,Tuesday,Durban,tdurban85@imgur.com,Female,55.46.172.215,Europe
295,Filberte,Morey,fmorey86@businessinsider.com,Male,44.226.239.0,North America
296,Thomasina,Czyz,tczyz87@nydailynews.com,Female,103.185.116.113,Europe
297,Maxine,Ivanchov,mivanchov88@craigslist.org,Female,28.45.166.154,Europe
298,Ky,Allard,kallard89@wufoo.com,Male,89.159.140.124,Europe
299,Johannes,Islep,jislep8a@netvibes.com,Male,35.172.239.216,North America
300,Olympe,Kopecka,okopecka8b@smh.com.au,Female,89.46.226.0,Europe
301,Cymbre,Damsell,cdamsell8c@naver.com,Genderfluid,105.152.82.159,Europe
302,Almire,Cowlard,acowlard8d@sohu.com,Female,227.164.19.179,North America
303,Rutger,Panner,rpanner8e@sbwire.com,Male,123.104.180.212,Australia
304,Bard,Millichap,bmillichap8f@surveymonkey.com,Male,229.38.30.127,Europe
305,Margette,Kettel,mkettel8g@free.fr,Female,185.70.0.123,Europe
306,Turner,Tamblingson,ttamblingson8h@delicious.com,Genderqueer,135.69.120.51,North America
307,Novelia,De Cristofalo,ndecristofalo8i@com.com,Female,166.51.140.173,North America
308,Erin,Eckersall,eeckersall8j@sphinn.com,Male,113.153.196.205,Australia
309,Mathew,Booker,mbooker8k@google.ru,Male,171.123.246.195,Australia
310,Twila,Domoney,tdomoney8l@abc.net.au,Female,244.13.93.61,Europe
311,Renie,Stallwood,rstallwood8m@sohu.com,Female,23.184.55.39,North America
312,Leroy,Junifer,ljunifer8n@qq.com,Male,133.117.22.226,Europe
313,Page,McKain,pmckain8o@vimeo.com,Female,70.101.139.117,Europe
314,Guntar,Pavyer,gpavyer8p@qq.com,Male,83.242.17.209,North America
315,Raviv,Heinrici,rheinrici8q@geocities.jp,Male,133.212.90.200,Europe
316,Derron,Gorvette,dgorvette8r@tmall.com,Agender,119.32.219.204,Europe
317,Harmon,Blewitt,hblewitt8s@pagesperso-orange.fr,Male,145.114.43.58,North America
318,Livvyy,Moulding,lmoulding8t@aboutads.info,Female,255.37.96.126,Australia
319,Graeme,Gianneschi,ggianneschi8u@usda.gov,Male,248.34.164.39,North America
320,Christy,Dudeney,cdudeney8v@discovery.com,Male,134.156.113.172,Australia
321,Sharona,Bourchier,sbourchier8w@google.pl,Female,19.64.77.244,Europe
322,Ansel,Broy,abroy8x@ibm.com,Genderfluid,130.109.213.119,Australia
323,Holly,Gladdish,hgladdish8y@etsy.com,Genderfluid,197.215.245.249,North America
324,Aileen,Philippet,aphilippet8z@xrea.com,Female,141.234.118.118,Europe
325,Jocko,Leif,jleif90@tmall.com,Male,252.106.12.88,Australia
326,Abbe,Ludvigsen,aludvigsen91@wsj.com,Male,25.169.41.87,Australia
327,Stearne,Canham,scanham92@soundcloud.com,Polygender,46.105.180.29,Australia
328,Zak,Haggith,zhaggith93@theglobeandmail.com,Male,151.202.138.147,North America
329,Tanny,Clapton,tclapton94@fastcompany.com,Male,233.119.146.196,North America
330,Lazar,Zealy,lzealy95@comcast.net,Male,35.158.111.147,North America
331,Colette,Ernshaw,cernshaw96@thetimes.co.uk,Female,194.116.141.94,Australia
332,Lincoln,Prydden,lprydden97@businessweek.com,Male,46.78.136.53,North America
333,Anthia,Knowling,aknowling98@un.org,Female,176.250.221.222,Australia
334,Nicolas,Caroli,ncaroli99@aboutads.info,Male,73.47.86.231,Europe
335,Margarette,Peracco,mperacco9a@nba.com,Female,117.20.59.62,Australia
336,Julita,Warlowe,jwarlowe9b@canalblog.com,Female,40.228.204.5,Europe
337,Fanechka,Durling,fdurling9c@skype.com,Female,192.160.202.22,North America
338,Leeanne,Cockman,lcockman9d@patch.com,Female,62.255.201.60,Europe
339,Cicely,Duckels,cduckels9e@bandcamp.com,Female,158.36.181.68,Australia
340,Rancell,Hancke,rhancke9f@usgs.gov,Male,141.15.39.201,North America
341,Fredi,Tomasi,ftomasi9g@ox.ac.uk,Non-binary,213.194.248.155,North America
342,Craggy,Brazear,cbrazear9h@va.gov,Male,152.177.57.119,Europe
343,Maible,Cavanagh,mcavanagh9i@oracle.com,Female,216.154.28.4,North America
344,Corbett,Tyre,ctyre9j@unblog.fr,Male,49.128.105.211,North America
345,Jerrylee,Stammler,jstammler9k@ca.gov,Female,10.222.129.11,Europe
346,Calla,Callf,ccallf9l@cpanel.net,Female,21.46.134.8,Australia
347,Yardley,Tetlow,ytetlow9m@msu.edu,Male,0.204.214.147,North America
348,Goraud,Meugens,gmeugens9n@skyrock.com,Male,185.64.81.82,North America
349,Mack,Matskevich,mmatskevich9o@dailymotion.com,Male,137.215.214.25,Australia
350,Steffi,Cardnell,scardnell9p@netvibes.com,Female,72.204.251.229,North America
351,Fons,Meller,fmeller9q@sphinn.com,Male,192.75.116.4,Australia
352,Grace,Senecaux,gsenecaux9r@weibo.com,Male,146.70.46.131,Australia
353,Matteo,Bonar,mbonar9s@4shared.com,Male,130.226.134.142,Australia
354,Dieter,Feldon,dfeldon9t@lulu.com,Male,138.163.86.98,North America
355,Hendrick,Tremayne,htremayne9u@wp.com,Male,199.68.148.85,North America
356,Cairistiona,Hassan,chassan9v@goo.gl,Female,65.169.33.116,Europe
357,Carolann,Piburn,cpiburn9w@mediafire.com,Female,92.21.100.220,North America
358,Preston,Cogger,pcogger9x@ifeng.com,Male,147.49.200.77,Europe
359,Atalanta,McAvaddy,amcavaddy9y@networkadvertising.org,Genderfluid,107.111.220.39,Europe
360,Caleb,Paulusch,cpaulusch9z@fotki.com,Male,128.253.100.1,Australia
361,Hetti,Crayden,hcraydena0@youtube.com,Female,211.199.183.170,Europe
362,Trula,Rumble,trumblea1@samsung.com,Female,204.200.252.75,Europe
363,Lesley,Jefferson,ljeffersona2@a8.net,Male,109.23.57.229,North America
364,Trista,Trevett,ttrevetta3@drupal.org,Female,46.156.207.108,North America
365,Isidro,Plum,ipluma4@unesco.org,Male,248.194.182.15,Australia
366,Nowell,Catlow,ncatlowa5@123-reg.co.uk,Male,155.186.75.35,Europe
367,Maiga,Buchett,mbuchetta6@kickstarter.com,Genderqueer,241.249.224.162,North America
368,Adoree,Moran,amorana7@microsoft.com,Female,137.235.120.215,Europe
369,Brandise,Barnaby,bbarnabya8@huffingtonpost.com,Female,76.70.145.133,Europe
370,Jim,Bareham,jbarehama9@fc2.com,Male,14.65.179.126,North America
371,Joachim,Mordaunt,jmordauntaa@ftc.gov,Male,43.74.82.139,Australia
372,Jeremias,Feary,jfearyab@hc360.com,Male,170.235.41.76,Australia
373,Lucas,Soeiro,lsoeiroac@webs.com,Male,169.196.180.230,Europe
374,Willdon,Cornbell,wcornbellad@wisc.edu,Male,213.91.252.143,North America
375,Xylina,Poor,xpoorae@parallels.com,Female,246.189.25.9,Australia
376,Sandra,Bizley,sbizleyaf@narod.ru,Female,5.160.87.185,North America
377,Edsel,Vasilic,evasilicag@admin.ch,Male,240.245.129.109,Europe
378,Catharine,Toth,ctothah@theatlantic.com,Genderqueer,167.67.227.242,Australia
379,Gran,Weepers,gweepersai@ning.com,Male,99.83.95.54,North America
380,Ricky,Schall,rschallaj@joomla.org,Female,28.204.201.210,Europe
381,Joachim,Blamires,jblamiresak@mail.ru,Non-binary,228.31.135.22,Australia
382,Coretta,Riddiford,criddifordal@hibu.com,Female,135.79.252.115,Europe
383,Stavros,Daville,sdavilleam@kickstarter.com,Male,200.167.15.172,North America
384,Phillis,MacGinlay,pmacginlayan@irs.gov,Female,109.190.240.26,Australia
385,Dory,Poe,dpoeao@stumbleupon.com,Male,43.201.39.154,Europe
386,Thomasin,Buckoke,tbuckokeap@networkadvertising.org,Female,112.23.31.3,North America
387,Gunther,Tandey,gtandeyaq@bloglovin.com,Male,72.202.159.129,North America
388,Dorotea,Kitching,dkitchingar@blogtalkradio.com,Female,177.69.69.18,Australia
389,Niel,Wiz,nwizas@businessinsider.com,Male,182.245.128.5,Australia
390,Marijo,Virr,mvirrat@cdc.gov,Polygender,159.95.172.163,Europe
391,Birgit,Josephson,bjosephsonau@github.io,Female,152.152.148.225,Australia
392,Joby,Timlin,jtimlinav@storify.com,Female,237.126.125.251,North America
393,Lothaire,Robertsson,lrobertssonaw@bloomberg.com,Male,13.85.54.212,Australia
394,Lynda,Simoncelli,lsimoncelliax@unicef.org,Female,29.162.70.14,Australia
395,Bride,Birchner,bbirchneray@nbcnews.com,Female,55.210.221.37,Europe
396,Madelon,Briant,mbriantaz@patch.com,Female,5.6.10.214,Europe
397,Eugenius,Elstow,eelstowb0@economist.com,Male,52.135.132.151,Australia
398,Velvet,Tawse,vtawseb1@google.com.au,Female,109.128.170.42,North America
399,Maryl,Petyt,mpetytb2@upenn.edu,Female,22.131.129.212,Europe
400,Eldredge,Joan,ejoanb3@independent.co.uk,Male,0.158.46.167,Europe
401,Cosimo,Kiddle,ckiddleb4@purevolume.com,Male,77.10.70.33,Australia
402,Diena,Quince,dquinceb5@mtv.com,Female,90.187.80.78,Europe
403,Sylas,Dmiterko,sdmiterkob6@yolasite.com,Male,207.54.177.121,Europe
404,Claiborn,Ambrosetti,cambrosettib7@google.fr,Male,63.63.205.43,North America
405,Orson,Hannigane,ohanniganeb8@pinterest.com,Male,175.78.230.74,Australia
406,Bernadette,Pistol,bpistolb9@nifty.com,Female,223.204.147.111,Australia
407,Alano,Iacobetto,aiacobettoba@yellowbook.com,Male,21.61.174.255,Australia
408,Gwenore,Carnalan,gcarnalanbb@cocolog-nifty.com,Female,219.0.27.175,Australia
409,Cecilius,Garling,cgarlingbc@msu.edu,Male,150.127.92.166,Australia
410,Siward,Yitzhok,syitzhokbd@canalblog.com,Male,228.201.132.20,North America
411,Hinda,Dachs,hdachsbe@cam.ac.uk,Female,233.93.102.76,Australia
412,Jannel,Knight,jknightbf@naver.com,Female,136.193.206.125,North America
413,Gerrie,Alldridge,galldridgebg@a8.net,Male,253.188.138.4,Australia
414,Billy,Dugget,bduggetbh@oracle.com,Male,12.234.19.34,North America
415,Vinny,Baudain,vbaudainbi@lycos.com,Female,192.88.253.24,Australia
416,Ricky,Oliver,roliverbj@shareasale.com,Male,101.70.126.140,Europe
417,Lacee,Yushkin,lyushkinbk@prlog.org,Female,133.202.110.33,Australia
418,Tonye,Duigan,tduiganbl@oakley.com,Female,200.42.101.211,Europe
419,Garrott,Dybald,gdybaldbm@comcast.net,Male,112.9.112.12,North America
420,Rog,Crafts,rcraftsbn@pbs.org,Male,44.188.124.19,North America
421,Sashenka,Ledwitch,sledwitchbo@over-blog.com,Female,82.190.231.170,Australia
422,Lethia,Hrinchenko,lhrinchenkobp@chronoengine.com,Female,96.203.155.187,Australia
423,Ina,Spracklin,ispracklinbq@blogspot.com,Female,233.187.100.46,Australia
424,Robyn,Dudlestone,rdudlestonebr@ox.ac.uk,Female,51.244.175.192,Europe
425,Dulci,Gascar,dgascarbs@soup.io,Female,173.152.158.37,Europe
426,Margo,Fullbrook,mfullbrookbt@goodreads.com,Female,145.192.41.122,Australia
427,Rowena,Kadar,rkadarbu@blog.com,Female,68.150.143.7,Australia
428,Sheff,Pickthorne,spickthornebv@nature.com,Male,158.177.203.220,Australia
429,Jedidiah,Condell,jcondellbw@webeden.co.uk,Male,78.140.118.65,North America
430,Louis,Ruston,lrustonbx@a8.net,Male,196.138.2.86,Australia
431,Ainslee,Crebo,acreboby@posterous.com,Female,199.128.87.86,North America
432,Rollo,Crumpton,rcrumptonbz@imageshack.us,Male,157.163.81.27,Europe
433,Heidie,Bazeley,hbazeleyc0@nba.com,Female,161.253.159.62,Europe
434,Moreen,Le Pruvost,mlepruvostc1@nyu.edu,Female,103.149.67.54,Australia
435,Jaine,Di Napoli,jdinapolic2@pen.io,Female,91.0.240.46,Europe
436,Aguistin,Ellicock,aellicockc3@earthlink.net,Genderqueer,30.196.251.36,Australia
437,Nikkie,Hammett,nhammettc4@plala.or.jp,Female,98.5.188.223,North America
438,Tristan,Solly,tsollyc5@tripadvisor.com,Male,238.10.136.211,Australia
439,Zola,Craighall,zcraighallc6@4shared.com,Female,152.240.120.156,Europe
440,Vassily,Wrigglesworth,vwrigglesworthc7@guardian.co.uk,Male,76.175.37.14,Australia
441,Hugo,Lode,hlodec8@mapy.cz,Male,253.230.192.217,North America
442,Vasili,Rounsivall,vrounsivallc9@reddit.com,Genderfluid,16.104.99.140,Australia
443,Felicdad,Carnalan,fcarnalanca@google.co.jp,Female,194.50.96.181,North America
444,Wait,Sandey,wsandeycb@list-manage.com,Male,100.87.166.33,Europe
445,Devlin,Mallam,dmallamcc@microsoft.com,Male,126.171.173.187,North America
446,Alva,Lias,aliascd@storify.com,Male,78.155.158.39,Australia
447,Verge,Rhule,vrhulece@google.com,Male,15.103.137.244,Europe
448,Garey,Neaves,gneavescf@phoca.cz,Male,210.209.206.84,Europe
449,Basilio,Giovannini,bgiovanninicg@hao123.com,Male,32.226.161.78,Australia
450,Silas,Shieldon,sshieldonch@bbc.co.uk,Agender,136.144.188.196,North America
451,Marget,Norvill,mnorvillci@salon.com,Female,210.70.176.51,North America
452,Marcelline,Mourbey,mmourbeycj@histats.com,Female,110.45.39.192,Australia
453,Kinna,Endecott,kendecottck@tamu.edu,Polygender,146.93.172.203,Australia
454,Lydia,Ghost,lghostcl@senate.gov,Female,235.162.18.93,Australia
455,Rhett,Culp,rculpcm@ocn.ne.jp,Male,161.67.9.184,Australia
456,Ortensia,Cordier,ocordiercn@youtu.be,Female,103.78.217.222,North America
457,Kayla,Hawkeridge,khawkeridgeco@ebay.com,Female,137.90.74.200,North America
458,Allissa,Dabs,adabscp@sbwire.com,Female,82.184.151.77,Europe
459,Arley,Hallowes,ahallowescq@wikia.com,Male,209.36.175.77,Australia
460,Hi,Shelborne,hshelbornecr@rakuten.co.jp,Male,175.49.70.5,North America
461,Hy,Tollerton,htollertoncs@examiner.com,Male,240.130.23.7,Europe
462,Raoul,Sign,rsignct@ow.ly,Male,139.30.161.96,North America
463,Pippo,Clac,pclaccu@sciencedaily.com,Male,10.96.37.205,Australia
464,Keri,Plester,kplestercv@house.gov,Female,86.72.68.56,Australia
465,Cathyleen,Korpal,ckorpalcw@moonfruit.com,Female,165.75.14.206,North America
466,Esme,Toope,etoopecx@t-online.de,Female,135.10.39.239,Australia
467,Silvia,Adamovitch,sadamovitchcy@marriott.com,Female,100.63.116.232,Australia
468,Cynde,Gauche,cgauchecz@ask.com,Female,220.106.53.5,North America
469,Aeriell,Wildbore,awildbored0@1und1.de,Female,234.211.136.27,North America
470,Karee,Starsmore,kstarsmored1@live.com,Female,21.85.188.98,Australia
471,Vic,Frostdicke,vfrostdicked2@eventbrite.com,Male,240.23.231.23,North America
472,Adriana,New,anewd3@deviantart.com,Bigender,204.139.161.107,Australia
473,Nevile,Rispen,nrispend4@4shared.com,Male,144.197.144.19,Australia
474,Nicola,Gethen,ngethend5@google.com,Female,80.160.253.27,Australia
475,Noble,Boydon,nboydond6@abc.net.au,Male,157.212.32.40,North America
476,Geri,Mitrikhin,gmitrikhind7@list-manage.com,Male,94.36.101.197,North America
477,Luce,Garrie,lgarried8@toplist.cz,Male,64.255.160.13,North America
478,Barrie,Crichmer,bcrichmerd9@vkontakte.ru,Female,5.17.23.38,Europe
479,Terrell,Wackley,twackleyda@who.int,Male,118.162.178.163,North America
480,Trstram,Doble,tdobledb@umn.edu,Male,97.2.101.94,Australia
481,Frankie,Morrieson,fmorriesondc@people.com.cn,Male,170.253.64.21,North America
482,Farrah,Kean,fkeandd@elpais.com,Female,172.12.229.205,Australia
483,Linnell,Dwane,ldwanede@a8.net,Female,142.13.146.14,Australia
484,Correy,Rolling,crollingdf@example.com,Male,0.221.157.144,North America
485,Elbert,McCoughan,emccoughandg@nbcnews.com,Male,65.238.143.191,Australia
486,Leilah,Maylard,lmaylarddh@shinystat.com,Female,209.3.54.1,Europe
487,Seka,Ledson,sledsondi@wordpress.com,Female,4.182.135.110,Europe
488,Mycah,Wainscoat,mwainscoatdj@hexun.com,Male,252.21.249.193,Europe
489,Aurelia,Vaissiere,avaissieredk@woothemes.com,Female,89.10.84.96,Australia
490,Desi,Bradford,dbradforddl@ifeng.com,Male,81.127.205.236,Australia
491,Laurie,Argo,largodm@gizmodo.com,Male,197.35.21.19,North America
492,Minna,Thody,mthodydn@infoseek.co.jp,Polygender,85.224.18.216,Europe
493,Vasili,Amott,vamottdo@symantec.com,Male,23.36.156.190,Australia
494,Ede,William,ewilliamdp@meetup.com,Non-binary,186.207.92.212,Australia
495,Hestia,Shutler,hshutlerdq@redcross.org,Female,216.167.247.132,Europe
496,Cortney,Lohde,clohdedr@ow.ly,Female,24.67.3.213,North America
497,Valeria,Bartlett,vbartlettds@opensource.org,Polygender,113.179.75.95,North America
498,Byron,Melley,bmelleydt@pagesperso-orange.fr,Male,26.92.86.27,North America
499,Trip,Crowe,tcrowedu@miibeian.gov.cn,Male,82.238.49.34,North America
500,Richardo,Goosnell,rgoosnelldv@ucoz.ru,Male,93.7.82.201,Australia
501,Shelton,McLukie,smclukiedw@ezinearticles.com,Male,184.143.218.13,Europe
502,Rolando,Hayto,rhaytodx@shop-pro.jp,Male,38.113.139.83,Europe
503,Ulla,Dungey,udungeydy@bloglines.com,Female,184.145.227.213,Australia
504,Kass,Terrey,kterreydz@deliciousdays.com,Female,90.131.136.93,Europe
505,Andonis,Pinney,apinneye0@hostgator.com,Male,221.210.118.171,Europe
506,Isabel,Lehrmann,ilehrmanne1@sfgate.com,Female,104.122.206.166,North America
507,Richard,Essery,resserye2@facebook.com,Male,208.7.25.222,Australia
508,Donalt,Jury,djurye3@geocities.jp,Male,56.85.101.184,Europe
509,Karla,Wison,kwisone4@google.com.br,Agender,214.159.126.68,Europe
510,Joyous,Althrop,jalthrope5@networksolutions.com,Polygender,178.98.216.180,Australia
511,Bride,Perillo,bperilloe6@1688.com,Female,138.144.26.108,North America
512,Berni,Ferrier,bferriere7@oracle.com,Female,243.22.106.189,Europe
513,Noelle,Laville,nlavillee8@nba.com,Female,110.32.193.179,Europe
514,Roshelle,Willshire,rwillshiree9@ucsd.edu,Female,198.94.143.103,Europe
515,Gilbertine,Cockill,gcockillea@chicagotribune.com,Female,71.104.115.199,Australia
516,Mellisa,Micklem,mmicklemeb@artisteer.com,Female,61.22.66.108,North America
517,Jemimah,Fake,jfakeec@t-online.de,Female,224.18.101.146,North America
518,David,Boustred,dboustreded@wikispaces.com,Non-binary,115.88.116.232,Australia
519,Sloan,Mil,smilee@ask.com,Male,207.59.109.92,North America
520,Minny,Lethibridge,mlethibridgeef@t.co,Female,98.108.211.98,North America
521,Sherman,Shevelin,sshevelineg@reddit.com,Male,201.36.251.132,North America
522,Dari,Bulluck,dbulluckeh@drupal.org,Female,95.91.70.94,Europe
523,Crissie,Rubica,crubicaei@unicef.org,Female,73.101.140.174,Europe
524,Barbi,Duddan,bduddanej@ucsd.edu,Female,132.145.155.213,North America
525,Lorin,Dartan,ldartanek@drupal.org,Male,30.53.122.162,Europe
526,Juliette,Petrov,jpetrovel@sbwire.com,Female,129.209.19.70,Australia
527,Karna,Bougourd,kbougourdem@bravesites.com,Female,202.165.91.55,North America
528,Lebbie,Pavlovic,lpavlovicen@behance.net,Female,9.27.55.135,North America
529,Aimee,Hews,ahewseo@pen.io,Female,197.82.156.201,Europe
530,Anson,Hallstone,ahallstoneep@youtube.com,Male,124.31.167.123,Australia
531,Teriann,Luten,tluteneq@cocolog-nifty.com,Non-binary,229.96.3.238,North America
532,Andra,Yate,ayateer@baidu.com,Female,46.120.132.172,North America
533,Filmer,Morales,fmoraleses@weibo.com,Male,106.100.174.48,Europe
534,Parsifal,Goeff,pgoeffet@cocolog-nifty.com,Male,181.117.52.176,North America
535,Sarene,Abbets,sabbetseu@blog.com,Female,223.15.159.3,Europe
536,Worthington,Sollas,wsollasev@dedecms.com,Male,220.6.19.178,North America
537,Joyce,Fusco,jfuscoew@bluehost.com,Female,131.9.128.89,Europe
538,Patsy,Helis,phelisex@list-manage.com,Male,207.67.115.138,North America
539,Greg,Di Carli,gdicarliey@loc.gov,Bigender,210.50.74.59,North America
540,Mac,Knobell,mknobellez@nsw.gov.au,Male,175.172.140.93,North America
541,Marcile,Bear,mbearf0@wired.com,Female,213.137.224.174,Europe
542,Rafaello,Billsberry,rbillsberryf1@blinklist.com,Male,160.32.186.64,North America
543,Bernadine,Striker,bstrikerf2@cargocollective.com,Female,22.253.142.149,North America
544,Jessica,Jellman,jjellmanf3@bandcamp.com,Female,107.23.174.255,Europe
545,Deeann,Harron,dharronf4@amazon.de,Female,4.5.12.98,Australia
546,Cassandre,Fewtrell,cfewtrellf5@sciencedaily.com,Female,126.169.149.204,North America
547,Aloysia,Trayton,atraytonf6@sfgate.com,Female,48.186.95.43,Australia
548,Clementia,Mars,cmarsf7@wikimedia.org,Female,84.33.150.89,Europe
549,Shawnee,Cameli,scamelif8@vkontakte.ru,Female,224.130.39.140,Australia
550,Matteo,Dreger,mdregerf9@dagondesign.com,Male,70.146.133.125,Australia
551,Maddie,Loud,mloudfa@diigo.com,Male,111.140.185.161,North America
552,Anselm,Georgievski,ageorgievskifb@imgur.com,Male,52.90.120.123,North America
553,Abelard,Kyngdon,akyngdonfc@unicef.org,Male,143.165.154.220,Australia
554,Elfrieda,Friedank,efriedankfd@csmonitor.com,Female,189.150.154.174,Europe
555,Ulises,Greenman,ugreenmanfe@ucla.edu,Male,63.219.106.220,North America
556,Jody,Dallas,jdallasff@php.net,Male,5.196.126.101,Australia
557,Zechariah,Elphee,zelpheefg@odnoklassniki.ru,Male,75.122.33.88,North America
558,Ruperto,LAbbet,rlabbetfh@cafepress.com,Male,19.126.33.252,Europe
559,Vivien,Tallboy,vtallboyfi@shinystat.com,Female,11.3.106.81,North America
560,Frederigo,Burkin,fburkinfj@mapquest.com,Male,193.184.155.5,North America
561,Emalee,Garfath,egarfathfk@google.com.hk,Female,83.177.234.116,Europe
562,Bevin,Trustrie,btrustriefl@vimeo.com,Male,34.56.24.162,North America
563,Lesley,Commucci,lcommuccifm@1und1.de,Male,174.24.88.93,North America
564,Merle,Tallant,mtallantfn@yahoo.com,Male,121.174.235.162,North America
565,Mattias,Fayerman,mfayermanfo@unicef.org,Male,213.175.233.9,North America
566,Frankie,Baguley,fbaguleyfp@yolasite.com,Bigender,58.231.15.95,Australia
567,Melvyn,Gopsall,mgopsallfq@princeton.edu,Male,89.209.112.208,North America
568,Abeu,Ezele,aezelefr@mit.edu,Male,81.215.197.252,North America
569,Toddie,Dimitrijevic,tdimitrijevicfs@narod.ru,Male,110.177.154.40,Australia
570,Hallsy,Bister,hbisterft@sciencedaily.com,Male,146.248.60.246,Australia
571,Fiorenze,Lockhurst,flockhurstfu@github.io,Female,5.50.4.111,Europe
572,Merci,MacEveley,mmaceveleyfv@nydailynews.com,Female,30.149.115.152,Europe
573,Jorry,Stolberg,jstolbergfw@narod.ru,Female,34.211.59.211,Australia
574,Jeremias,McVeagh,jmcveaghfx@digg.com,Agender,2.122.24.59,North America
575,Ethelin,Blaylock,eblaylockfy@odnoklassniki.ru,Female,188.129.17.184,North America
576,Nora,Laban,nlabanfz@sciencedirect.com,Female,29.84.123.250,Australia
577,Marthena,Denning,mdenningg0@soup.io,Female,163.133.144.176,Europe
578,Regen,Izakson,rizaksong1@shutterfly.com,Male,195.46.190.50,Europe
579,Jarred,Bradley,jbradleyg2@macromedia.com,Male,111.135.105.21,Europe
580,Bee,Dundon,bdundong3@marketwatch.com,Female,249.180.67.45,North America
581,Buddy,Featherbie,bfeatherbieg4@europa.eu,Male,60.168.209.201,North America
582,Malinde,Kill,mkillg5@icio.us,Female,62.91.51.94,Australia
583,Rustie,Catonnet,rcatonnetg6@princeton.edu,Male,100.23.202.241,Europe
584,Terri-jo,Kwietak,tkwietakg7@blogger.com,Female,231.186.33.31,Australia
585,Ethelin,Charpin,echarping8@who.int,Non-binary,194.92.82.10,North America
586,Alanson,Tripett,atripettg9@china.com.cn,Genderfluid,197.28.176.151,Europe
587,Alverta,Kauffman,akauffmanga@yellowbook.com,Female,234.9.21.48,Europe
588,Bernardina,Scholcroft,bscholcroftgb@bing.com,Female,170.219.204.171,Europe
589,Denney,Grzeszczyk,dgrzeszczykgc@samsung.com,Male,188.137.0.91,Australia
590,Orbadiah,Bourgaize,obourgaizegd@sohu.com,Male,66.57.123.244,Australia
591,Averil,Claus,aclausge@berkeley.edu,Male,77.161.189.226,Europe
592,Olenolin,Brigginshaw,obrigginshawgf@behance.net,Male,225.237.127.218,Europe
593,Reinhard,Archibald,rarchibaldgg@cnbc.com,Male,43.126.32.53,Europe
594,Licha,Edeler,ledelergh@flavors.me,Female,228.143.34.189,Australia
595,Anita,Giovannacci,agiovannaccigi@google.com.br,Female,136.8.19.132,Europe
596,Elna,Itzhaiek,eitzhaiekgj@wp.com,Female,140.61.83.239,Europe
597,Kristo,Coytes,kcoytesgk@blogger.com,Male,169.180.86.195,North America
598,Torre,Haxell,thaxellgl@chron.com,Male,171.62.184.39,Australia
599,Ellette,July,ejulygm@gov.uk,Female,217.239.191.254,Australia
600,Hurley,Spaduzza,hspaduzzagn@si.edu,Male,49.218.139.124,Europe
601,Courtney,Dovey,cdoveygo@deliciousdays.com,Female,212.159.85.142,North America
602,Linda,Alvaro,lalvarogp@zimbio.com,Female,65.18.4.200,North America
603,Angelika,Abbess,aabbessgq@scientificamerican.com,Female,251.226.148.43,Australia
604,Heriberto,Kepling,hkeplinggr@businessinsider.com,Genderqueer,188.95.142.104,Europe
605,Michaeline,Cansdill,mcansdillgs@census.gov,Female,35.132.154.229,Australia
606,Nicola,Woodrough,nwoodroughgt@histats.com,Male,165.224.93.108,Australia
607,Mortie,Crispin,mcrispingu@ftc.gov,Male,74.108.222.163,Australia
608,Tabby,Brunn,tbrunngv@dmoz.org,Male,172.39.20.143,North America
609,Nancie,Jeves,njevesgw@netscape.com,Female,146.69.65.217,Europe
610,Irita,Djuricic,idjuricicgx@sourceforge.net,Female,216.255.78.61,Australia
611,Husein,Kincey,hkinceygy@prweb.com,Male,81.69.188.199,North America
612,Justinn,Evens,jevensgz@baidu.com,Female,240.89.3.102,North America
613,Mellicent,Skipper,mskipperh0@squarespace.com,Female,49.215.73.125,Australia
614,Any,Clunie,aclunieh1@dailymotion.com,Non-binary,63.85.103.50,Europe
615,Maury,Ruoss,mruossh2@tumblr.com,Male,207.189.254.76,North America
616,Kathy,Patry,kpatryh3@cnbc.com,Female,144.45.208.33,Australia
617,Algernon,Hamblin,ahamblinh4@ucoz.com,Male,78.18.123.181,North America
618,Arv,Menichillo,amenichilloh5@google.cn,Male,44.127.109.81,Australia
619,Kathlin,Haker,khakerh6@odnoklassniki.ru,Female,22.16.227.21,Europe
620,Di,Giorgielli,dgiorgiellih7@google.co.jp,Female,140.172.75.191,North America
621,Ailey,Hinken,ahinkenh8@census.gov,Female,217.11.97.191,North America
622,Gill,Jammet,gjammeth9@qq.com,Female,238.1.143.22,Europe
623,Richmound,Gommery,rgommeryha@netscape.com,Male,125.224.64.116,Australia
624,Sanderson,Ferre,sferrehb@nbcnews.com,Male,127.137.2.162,Australia
625,Winni,Pedler,wpedlerhc@delicious.com,Female,225.60.203.155,Australia
626,Hannis,Minifie,hminifiehd@loc.gov,Female,47.239.155.44,North America
627,Mayne,Maiden,mmaidenhe@reddit.com,Male,47.47.168.102,North America
628,Clarette,Housin,chousinhf@timesonline.co.uk,Female,54.48.227.128,Europe
629,Stanislaus,Dawdary,sdawdaryhg@fc2.com,Male,71.87.79.46,North America
630,Meredith,Zamudio,mzamudiohh@meetup.com,Male,142.42.213.132,Australia
631,Yves,Pamplin,ypamplinhi@bloglines.com,Male,161.125.148.112,North America
632,Estell,Finlay,efinlayhj@reuters.com,Genderqueer,181.75.53.245,Europe
633,Vidovic,Athow,vathowhk@constantcontact.com,Male,167.49.98.222,Australia
634,Valerye,Valentetti,vvalentettihl@amazon.com,Female,128.239.10.34,Europe
635,Marya,Silson,msilsonhm@upenn.edu,Female,1.128.7.25,Europe
636,Birch,McElroy,bmcelroyhn@vkontakte.ru,Male,59.205.86.236,Europe
637,Siward,Prestedge,sprestedgeho@ovh.net,Male,142.57.156.170,Australia
638,Lula,Piper,lpiperhp@shutterfly.com,Polygender,235.165.65.99,Europe
639,Ardelis,Cornner,acornnerhq@cam.ac.uk,Female,195.168.146.116,Australia
640,Moria,Harriman,mharrimanhr@fema.gov,Female,11.27.195.159,Europe
641,Avram,Binch,abinchhs@sun.com,Male,119.90.26.11,North America
642,Rickey,McCrie,rmccrieht@cornell.edu,Male,132.111.17.106,North America
643,Raine,Blaw,rblawhu@opensource.org,Genderqueer,202.177.237.90,Australia
644,Andeee,Clac,aclachv@discuz.net,Female,140.220.237.171,Europe
645,Starlin,Kesey,skeseyhw@hatena.ne.jp,Female,225.92.59.81,North America
646,Wandis,Osburn,wosburnhx@uol.com.br,Female,223.221.152.3,Europe
647,Sloane,Raunds,sraundshy@w3.org,Male,167.217.63.187,North America
648,Oswald,Oller,oollerhz@acquirethisname.com,Male,181.158.118.180,Australia
649,Martica,Shorrock,mshorrocki0@princeton.edu,Polygender,38.192.221.42,Australia
650,Elston,Vaughton,evaughtoni1@dot.gov,Male,225.210.79.112,North America
651,Marty,Gypson,mgypsoni2@nbcnews.com,Female,206.226.68.189,North America
652,Craggie,Oakden,coakdeni3@wsj.com,Male,7.1.64.222,North America
653,Jonathon,Schlag,jschlagi4@dyndns.org,Male,119.23.126.5,North America
654,Sapphira,Wardrope,swardropei5@shutterfly.com,Female,29.142.206.99,Europe
655,Edgardo,Minci,emincii6@odnoklassniki.ru,Male,146.213.83.80,Australia
656,Hillie,Clampin,hclampini7@globo.com,Male,208.55.14.62,Europe
657,Shanta,Keitch,skeitchi8@360.cn,Female,216.198.46.9,Australia
658,Bili,Sterman,bstermani9@netlog.com,Female,195.14.95.215,Australia
659,Daphene,Whittock,dwhittockia@cocolog-nifty.com,Female,76.206.199.248,North America
660,Hewett,Mattam,hmattamib@fc2.com,Male,132.131.187.210,Europe
661,Falkner,Salmoni,fsalmoniic@yahoo.co.jp,Male,252.169.83.243,North America
662,Aigneis,Pipkin,apipkinid@pcworld.com,Female,89.248.224.118,North America
663,Lynnelle,Coley,lcoleyie@netvibes.com,Genderqueer,69.0.115.244,North America
664,Staci,Spratling,sspratlingif@deliciousdays.com,Female,178.145.118.99,Europe
665,Traci,Merrilees,tmerrileesig@go.com,Female,238.141.185.170,North America
666,Brigitte,Vondra,bvondraih@sbwire.com,Female,189.6.31.8,North America
667,Rriocard,Rowantree,rrowantreeii@cafepress.com,Male,131.23.149.106,Australia
668,Horst,Evitts,hevittsij@admin.ch,Polygender,144.13.4.250,Australia
669,Udale,Corselles,ucorsellesik@mapquest.com,Male,84.11.182.58,Europe
670,Emogene,Ormonde,eormondeil@adobe.com,Agender,218.250.70.241,Australia
671,Electra,Emmert,eemmertim@discovery.com,Female,164.125.98.202,North America
672,Pauletta,Sailer,psailerin@example.com,Female,54.147.157.46,Australia
673,Irvine,Bonniface,ibonnifaceio@gravatar.com,Male,205.111.103.152,Australia
674,Durward,McAllester,dmcallesterip@yelp.com,Male,224.176.253.129,Europe
675,Tristam,Pordall,tpordalliq@slashdot.org,Male,84.7.99.44,North America
676,Marla,Swift,mswiftir@macromedia.com,Female,11.7.200.73,North America
677,Felipe,Skews,fskewsis@wired.com,Male,131.39.11.63,Australia
678,Bethina,Liley,blileyit@wp.com,Female,110.90.203.115,Europe
679,Fulton,Margrem,fmargremiu@intel.com,Male,73.163.69.169,Australia
680,Myra,Sleicht,msleichtiv@stumbleupon.com,Female,35.18.126.23,Australia
681,Amabelle,Knocker,aknockeriw@nydailynews.com,Female,24.39.142.80,Australia
682,Barris,Godard,bgodardix@goo.gl,Male,6.112.235.123,North America
683,Dione,Klyn,dklyniy@ox.ac.uk,Genderqueer,21.165.46.198,North America
684,Tito,Banker,tbankeriz@scribd.com,Male,148.132.81.73,Australia
685,Willi,Dumberell,wdumberellj0@altervista.org,Male,124.125.158.184,North America
686,Sterne,Arkcoll,sarkcollj1@ucla.edu,Male,125.69.191.53,Europe
687,Ty,Keady,tkeadyj2@marketwatch.com,Male,209.90.94.108,North America
688,Georgina,Maughan,gmaughanj3@ucsd.edu,Female,126.119.51.210,North America
689,Carl,Marritt,cmarrittj4@toplist.cz,Male,102.193.42.14,Australia
690,Viva,Mapstone,vmapstonej5@army.mil,Female,96.138.223.131,Europe
691,Phyllis,Tomaello,ptomaelloj6@woothemes.com,Female,52.128.177.97,Europe
692,Yvette,Hazeup,yhazeupj7@cnn.com,Female,9.75.51.3,Australia
693,Giffie,Dykins,gdykinsj8@gizmodo.com,Male,238.11.132.92,Europe
694,Rubie,Longforth,rlongforthj9@odnoklassniki.ru,Female,255.206.182.150,Europe
695,Gabie,Fillis,gfillisja@eventbrite.com,Male,187.104.207.214,North America
696,Corinna,Burkinshaw,cburkinshawjb@intel.com,Female,252.103.192.58,Europe
697,Wilow,Ilive,wilivejc@zdnet.com,Female,208.49.34.49,Australia
698,Herve,Le Fevre,hlefevrejd@google.de,Male,145.191.119.54,Europe
699,Oberon,Bywater,obywaterje@unc.edu,Male,10.247.95.162,Europe
700,Jasen,Vatcher,jvatcherjf@ucoz.com,Agender,20.79.78.109,Europe
701,Darby,Laflin,dlaflinjg@instagram.com,Bigender,39.5.13.9,Australia
702,Marijo,Ollington,mollingtonjh@angelfire.com,Female,75.52.58.44,North America
703,Chaunce,Quainton,cquaintonji@tinyurl.com,Male,65.102.203.91,Australia
704,Amble,O'Lehane,aolehanejj@whitehouse.gov,Male,253.187.61.54,North America
705,Lennard,Daffey,ldaffeyjk@bluehost.com,Male,87.53.78.68,North America
706,Mike,Boyne,mboynejl@tinyurl.com,Male,31.35.129.170,North America
707,Abbot,McSherry,amcsherryjm@etsy.com,Male,230.145.252.197,North America
708,Jayson,Gladwell,jgladwelljn@reuters.com,Male,103.189.140.216,Europe
709,Lana,Dyshart,ldyshartjo@geocities.com,Female,195.202.158.249,North America
710,Winifred,Winston,wwinstonjp@wordpress.org,Female,46.180.233.28,Australia
711,Kai,Stych,kstychjq@huffingtonpost.com,Female,81.5.141.67,North America
712,Antin,Rouge,arougejr@irs.gov,Male,242.142.165.13,Europe
713,Falito,Ruddom,fruddomjs@liveinternet.ru,Male,234.41.166.72,Europe
714,Linea,de Wilde,ldewildejt@google.pl,Female,194.117.135.21,Australia
715,Owen,Stroder,ostroderju@bloglines.com,Male,50.30.251.27,Europe
716,Tani,Tick,ttickjv@upenn.edu,Female,48.204.92.57,Australia
717,Christyna,Clewes,cclewesjw@yelp.com,Female,135.252.77.181,North America
718,Vernen,Melesk,vmeleskjx@163.com,Male,175.149.92.146,Europe
719,Gladi,Catterson,gcattersonjy@wufoo.com,Female,10.84.153.151,North America
720,Dermot,Dunsire,ddunsirejz@yolasite.com,Male,89.122.128.26,Australia
721,Reynold,Cottage,rcottagek0@elegantthemes.com,Male,145.178.182.94,North America
722,Jarrid,Suscens,jsuscensk1@indiegogo.com,Male,4.172.75.187,North America
723,Ruthi,Jellybrand,rjellybrandk2@a8.net,Female,167.151.228.89,Australia
724,Fey,Nolan,fnolank3@latimes.com,Polygender,138.132.188.169,Australia
725,Stormi,Campes,scampesk4@blogger.com,Female,134.253.0.206,North America
726,Nicolai,Mullenger,nmullengerk5@qq.com,Non-binary,127.90.214.135,Australia
727,Starlin,Grewar,sgrewark6@biblegateway.com,Female,119.18.98.73,Europe
728,Querida,Tovey,qtoveyk7@friendfeed.com,Female,196.249.154.135,North America
729,Hew,Gallaccio,hgallacciok8@bravesites.com,Non-binary,91.116.240.160,Australia
730,Elspeth,Caillou,ecaillouk9@unesco.org,Female,139.233.118.26,Australia
731,Meier,Poynter,mpoynterka@altervista.org,Male,227.151.129.242,Australia
732,Marna,Vittet,mvittetkb@github.com,Female,114.233.101.81,North America
733,Melosa,Hepher,mhepherkc@networksolutions.com,Female,159.236.0.106,Australia
734,Massimo,Delnevo,mdelnevokd@printfriendly.com,Male,84.217.175.28,North America
735,Anders,But,abutke@taobao.com,Male,80.187.144.105,Australia
736,Lancelot,Regenhardt,lregenhardtkf@redcross.org,Genderqueer,79.27.104.221,North America
737,Ulises,de Juares,udejuareskg@discuz.net,Male,180.36.114.186,Australia
738,Quinlan,Gallifont,qgallifontkh@nydailynews.com,Male,103.244.25.200,Europe
739,Marne,Northrop,mnorthropki@odnoklassniki.ru,Female,176.16.177.21,Australia
740,Monty,Percifer,mperciferkj@techcrunch.com,Male,12.16.150.125,Europe
741,Oralee,Melin,omelinkk@squidoo.com,Female,12.137.5.136,Australia
742,Shae,Brogden,sbrogdenkl@nyu.edu,Female,98.84.20.155,Australia
743,Emmit,Adess,eadesskm@webmd.com,Male,128.77.181.173,Australia
744,Porty,Ingolotti,pingolottikn@google.de,Male,132.97.208.164,Europe
745,Wallache,Pope,wpopeko@chronoengine.com,Male,230.231.73.31,Europe
746,Beilul,Roeby,broebykp@ihg.com,Female,118.18.216.113,North America
747,Bertie,Balhatchet,bbalhatchetkq@webmd.com,Female,106.8.73.129,North America
748,Athene,Bendell,abendellkr@harvard.edu,Bigender,233.59.28.226,North America
749,Conni,Hutchings,chutchingsks@ed.gov,Female,162.90.5.143,Australia
750,Rich,Feares,rfeareskt@dyndns.org,Male,65.68.147.133,Europe
751,Ashley,Patrie,apatrieku@alexa.com,Male,118.111.63.172,Australia
752,Roley,Bartolacci,rbartolaccikv@weibo.com,Male,13.4.121.93,Europe
753,Gerri,Jewer,gjewerkw@mit.edu,Male,250.177.106.32,Europe
754,Mercedes,Duggon,mduggonkx@google.pl,Female,56.56.98.86,North America
755,Miltie,Auger,maugerky@sohu.com,Male,89.133.69.14,Europe
756,Fee,Pococke,fpocockekz@yahoo.com,Male,53.54.4.169,North America
757,Annadiana,Camelli,acamellil0@go.com,Genderqueer,171.220.235.192,Europe
758,Ignazio,Carlens,icarlensl1@drupal.org,Male,54.108.120.84,Australia
759,Elena,Gibbett,egibbettl2@ocn.ne.jp,Female,224.52.247.39,Europe
760,Allyce,Pizzey,apizzeyl3@aol.com,Female,24.133.168.189,North America
761,Alessandra,Earie,aeariel4@artisteer.com,Female,120.226.59.66,Europe
762,Gael,Wolledge,gwolledgel5@exblog.jp,Male,32.170.69.29,Europe
763,Trace,Portlock,tportlockl6@nba.com,Male,158.185.236.219,North America
764,Garnet,Aronstein,garonsteinl7@multiply.com,Female,186.147.1.79,North America
765,Dyanna,Veque,dvequel8@umich.edu,Female,129.202.135.38,North America
766,Nannie,Cumber,ncumberl9@marriott.com,Female,120.22.91.125,North America
767,Darrin,Demonge,ddemongela@youtube.com,Male,76.40.226.235,Europe
768,Maiga,Gooden,mgoodenlb@delicious.com,Female,164.85.194.78,North America
769,Patrick,McDonogh,pmcdonoghlc@sphinn.com,Male,198.162.0.167,North America
770,Garrett,Giraths,ggirathsld@ftc.gov,Male,119.81.41.206,Europe
771,Carlota,Bergstrand,cbergstrandle@wikispaces.com,Female,190.125.120.219,Europe
772,Humfrey,Matuszewski,hmatuszewskilf@geocities.com,Male,110.34.192.15,Australia
773,Elvera,Poulton,epoultonlg@360.cn,Female,134.118.83.48,Europe
774,Cheston,Jobe,cjobelh@tripadvisor.com,Male,69.58.130.131,Australia
775,Garek,Pinsent,gpinsentli@last.fm,Male,55.119.140.9,Europe
776,Dottie,Eilhersen,deilhersenlj@blogtalkradio.com,Female,96.16.216.32,Australia
777,Stillman,Huxham,shuxhamlk@abc.net.au,Bigender,42.222.234.185,North America
778,Fraze,McAughtrie,fmcaughtriell@columbia.edu,Male,186.182.25.130,Australia
779,Sherlocke,Van de Vlies,svandevlieslm@issuu.com,Male,205.19.215.115,North America
780,Brett,Tother,btotherln@businessinsider.com,Male,9.56.90.155,North America
781,Shannan,Madre,smadrelo@cbsnews.com,Male,240.181.221.94,Europe
782,Halette,Mardlin,hmardlinlp@meetup.com,Female,175.22.14.14,Australia
783,Townie,Blanc,tblanclq@loc.gov,Male,41.241.204.233,Australia
784,Devinne,Brick,dbricklr@joomla.org,Female,255.191.33.246,Europe
785,Chandler,Wanek,cwanekls@walmart.com,Male,150.164.39.237,North America
786,Edgar,Faircloth,efairclothlt@bbb.org,Male,170.163.42.145,Europe
787,Dosi,Verma,dvermalu@simplemachines.org,Female,43.99.158.50,North America
788,Ray,Gribble,rgribblelv@google.cn,Non-binary,105.246.45.218,North America
789,Justinn,De Roeck,jderoecklw@elegantthemes.com,Female,76.151.6.229,North America
790,Jefferson,Rozzell,jrozzelllx@wufoo.com,Male,161.46.24.46,Australia
791,Maude,Kibby,mkibbyly@facebook.com,Female,11.96.229.195,Europe
792,Ambrosi,Tadman,atadmanlz@examiner.com,Male,151.73.126.174,Europe
793,Gonzalo,Delooze,gdeloozem0@elpais.com,Bigender,219.63.12.116,Australia
794,Salomone,Charlesworth,scharlesworthm1@reddit.com,Non-binary,26.117.166.5,Australia
795,Jefferey,Messier,jmessierm2@nba.com,Polygender,252.212.143.228,Australia
796,Theadora,Chason,tchasonm3@yale.edu,Female,145.52.16.243,North America
797,Sonny,Arlett,sarlettm4@ucsd.edu,Female,114.216.177.15,Australia
798,Linoel,Coulston,lcoulstonm5@google.fr,Male,61.251.29.188,Australia
799,Brier,Petheridge,bpetheridgem6@cornell.edu,Female,201.255.158.60,Australia
800,Lucina,Kobke,lkobkem7@surveymonkey.com,Female,93.79.196.124,Europe
801,Dmitri,Doleman,ddolemanm8@wikimedia.org,Male,245.48.248.13,Europe
802,Hester,Erskine Sandys,herskinesandysm9@washingtonpost.com,Female,185.55.183.109,North America
803,Adrienne,Lillee,alilleema@nsw.gov.au,Female,173.61.49.175,Europe
804,Rhetta,Pristnor,rpristnormb@bravesites.com,Female,122.53.183.203,Australia
805,Joycelin,Tanman,jtanmanmc@chicagotribune.com,Female,123.187.138.186,Europe
806,Edeline,Creigan,ecreiganmd@ibm.com,Female,135.238.153.6,North America
807,Eddy,Zannetti,ezannettime@ox.ac.uk,Male,9.138.123.249,Australia
808,Thain,Esley,tesleymf@disqus.com,Male,98.220.224.196,Australia
809,Toinette,Abarough,tabaroughmg@t.co,Female,215.11.159.108,North America
810,Fabian,Le Sieur,flesieurmh@mozilla.com,Male,122.150.230.15,Europe
811,Bonnibelle,MacFaul,bmacfaulmi@123-reg.co.uk,Female,65.188.184.250,Europe
812,Odo,Becraft,obecraftmj@businessinsider.com,Male,234.87.53.77,Australia
813,Hall,Oxton,hoxtonmk@mac.com,Male,62.146.103.40,Europe
814,Kayla,Sylett,ksylettml@aboutads.info,Female,79.253.28.71,Europe
815,Ned,Pogg,npoggmm@chron.com,Male,80.215.182.106,North America
816,Brendin,Swinnard,bswinnardmn@list-manage.com,Male,141.43.11.159,Europe
817,Euell,Olivari,eolivarimo@e-recht24.de,Male,16.219.31.80,Australia
818,Patton,Walklot,pwalklotmp@umich.edu,Male,117.84.168.87,North America
819,Dulciana,Hellikes,dhellikesmq@blogs.com,Female,25.115.113.85,North America
820,Janith,Towne,jtownemr@statcounter.com,Female,219.253.135.98,Europe
821,Kellen,Ibel,kibelms@craigslist.org,Male,108.15.182.153,North America
822,Walliw,Housbie,whousbiemt@last.fm,Female,168.199.51.148,North America
823,Lemuel,Vauter,lvautermu@purevolume.com,Agender,182.121.81.181,Europe
824,Norina,Gobell,ngobellmv@unesco.org,Female,8.13.73.143,Australia
825,Mirabella,McGarvey,mmcgarveymw@ibm.com,Female,253.146.185.28,North America
826,Diego,Aberdein,daberdeinmx@epa.gov,Male,145.249.239.76,Europe
827,Claudell,Brankley,cbrankleymy@reference.com,Male,164.151.137.124,Europe
828,Salim,Torrance,storrancemz@dion.ne.jp,Male,192.85.82.183,Australia
829,Franciska,Dran,fdrann0@indiatimes.com,Female,52.239.50.12,Europe
830,Star,McArdell,smcardelln1@yolasite.com,Female,138.89.163.199,Australia
831,Kayley,McGlashan,kmcglashann2@theglobeandmail.com,Bigender,153.122.17.111,Australia
832,Gerta,Tatum,gtatumn3@ask.com,Female,154.213.27.226,Europe
833,Saba,Barlthrop,sbarlthropn4@wikimedia.org,Non-binary,249.13.67.21,Australia
834,Giana,Salvage,gsalvagen5@trellian.com,Female,145.26.43.99,Australia
835,Griswold,Malyon,gmalyonn6@tuttocitta.it,Male,203.84.73.236,North America
836,Herminia,Antoniewski,hantoniewskin7@mac.com,Female,145.249.55.11,Australia
837,Florenza,Stansbie,fstansbien8@tiny.cc,Polygender,180.58.124.87,Europe
838,Norry,Genike,ngeniken9@imgur.com,Female,106.221.110.108,Europe
839,Jo-anne,Whiffin,jwhiffinna@webmd.com,Female,71.209.140.234,Europe
840,Vin,Bertot,vbertotnb@admin.ch,Male,189.143.25.178,Australia
841,Hurleigh,Bemand,hbemandnc@e-recht24.de,Male,163.138.199.80,Australia
842,Candide,Worcester,cworcesternd@jugem.jp,Female,73.48.17.110,Europe
843,Shea,Ech,sechne@prlog.org,Non-binary,29.50.239.63,Europe
844,Lotty,Thunnercliffe,lthunnercliffenf@dell.com,Agender,71.48.178.215,Europe
845,Sherlocke,Cornwall,scornwallng@simplemachines.org,Male,169.246.236.104,Europe
846,Jobye,McFie,jmcfienh@friendfeed.com,Female,202.178.225.138,Australia
847,Abra,Garrat,agarratni@gov.uk,Female,141.120.166.77,North America
848,Clim,Lyddiatt,clyddiattnj@nifty.com,Male,80.73.72.14,Europe
849,Fanny,Bownde,fbowndenk@bluehost.com,Female,228.220.192.23,North America
850,Barrie,Knocker,bknockernl@bloglovin.com,Female,189.237.65.120,North America
851,Celestine,Godfray,cgodfraynm@skype.com,Female,144.67.187.151,Australia
852,Gerri,Priddie,gpriddienn@adobe.com,Female,57.89.176.5,Europe
853,Quentin,Wankel,qwankelno@flickr.com,Male,180.94.242.126,Europe
854,Nina,Popple,npopplenp@umn.edu,Female,175.48.126.117,Australia
855,Trace,Nickolls,tnickollsnq@nationalgeographic.com,Male,187.93.84.110,North America
856,Janaye,Boucher,jbouchernr@nifty.com,Non-binary,252.195.18.121,North America
857,Robin,Norgate,rnorgatens@state.tx.us,Genderqueer,124.72.82.131,North America
858,Lenci,Bowers,lbowersnt@networksolutions.com,Male,215.14.17.123,Australia
859,Betta,Betty,bbettynu@ucoz.ru,Female,178.63.55.70,Europe
860,Araldo,Devitt,adevittnv@whitehouse.gov,Male,73.140.148.120,Europe
861,Kareem,Matashkin,kmatashkinnw@buzzfeed.com,Male,166.1.238.105,Australia
862,Creigh,Tuxsell,ctuxsellnx@engadget.com,Male,243.31.103.36,North America
863,Nannette,Mueller,nmuellerny@reverbnation.com,Female,230.50.149.192,Europe
864,Tracey,Aldred,taldrednz@clickbank.net,Male,124.207.149.155,North America
865,Kylila,Hedney,khedneyo0@booking.com,Female,193.201.37.231,Australia
866,Lavinie,Brooksby,lbrooksbyo1@earthlink.net,Female,159.62.240.202,Europe
867,Mack,Gabel,mgabelo2@twitter.com,Male,250.255.113.69,North America
868,Ambros,Bayles,abayleso3@pbs.org,Male,209.72.251.10,North America
869,Clark,Guile,cguileo4@ibm.com,Male,83.147.234.200,North America
870,Sheri,Hynd,shyndo5@rambler.ru,Female,186.184.14.142,North America
871,Zarla,Caseri,zcaserio6@yellowbook.com,Female,185.137.120.98,Europe
872,Oneida,Kildea,okildeao7@examiner.com,Female,57.172.188.211,Australia
873,Thurston,Tasker,ttaskero8@geocities.com,Male,79.78.231.72,Europe
874,Emmett,St. Quentin,estquentino9@1und1.de,Male,236.144.79.231,Europe
875,Lalo,Grinaugh,lgrinaughoa@dell.com,Male,0.199.4.51,Europe
876,Janos,Samways,jsamwaysob@senate.gov,Male,66.58.201.22,North America
877,Peirce,Birch,pbirchoc@wordpress.org,Male,142.31.37.209,North America
878,Blinni,MacTrustrie,bmactrustrieod@mashable.com,Female,215.206.9.88,North America
879,Kiele,Paridge,kparidgeoe@usatoday.com,Female,253.183.139.47,North America
880,Ki,Boseley,kboseleyof@hp.com,Female,174.187.78.95,North America
881,Marj,Pinard,mpinardog@meetup.com,Female,30.134.175.77,North America
882,Magdaia,Whitehead,mwhiteheadoh@infoseek.co.jp,Female,187.47.230.16,North America
883,Iormina,Patey,ipateyoi@fotki.com,Female,156.84.154.249,Australia
884,Zolly,Fellowes,zfellowesoj@netlog.com,Male,38.112.205.125,Australia
885,Nixie,Godber,ngodberok@gov.uk,Female,223.97.116.196,North America
886,Alonzo,Gioan,agioanol@merriam-webster.com,Male,105.239.19.243,Australia
887,Jammie,Jane,jjaneom@google.com.au,Female,206.109.240.170,North America
888,Aristotle,Skrine,askrineon@usnews.com,Male,166.213.70.163,North America
889,Skelly,Russell,srusselloo@arizona.edu,Male,177.73.0.118,Europe
890,Anders,Jozefiak,ajozefiakop@loc.gov,Male,18.167.188.212,Europe
891,Elsworth,Whitehouse,ewhitehouseoq@so-net.ne.jp,Male,136.10.195.157,Europe
892,Nertie,Headington,nheadingtonor@gmpg.org,Female,201.5.75.138,Australia
893,Tymothy,Mattiello,tmattielloos@microsoft.com,Male,183.130.144.2,North America
894,Tiebout,Wooler,twoolerot@xinhuanet.com,Male,20.68.2.127,Europe
895,Brandy,Woodfine,bwoodfineou@dyndns.org,Female,40.29.140.129,Europe
896,Barnabe,Lamcken,blamckenov@businessinsider.com,Male,253.185.164.77,North America
897,Deni,Bakeup,dbakeupow@google.fr,Female,107.184.19.16,North America
898,Jens,Heffy,jheffyox@meetup.com,Male,145.32.76.231,Europe
899,Nikolia,Wortley,nwortleyoy@china.com.cn,Female,137.107.72.58,North America
900,Davide,Sheehy,dsheehyoz@salon.com,Male,221.203.111.245,Australia
901,Bethanne,Suston,bsustonp0@craigslist.org,Female,171.251.181.28,Europe
902,Cristin,Rosensaft,crosensaftp1@webs.com,Female,43.250.92.101,North America
903,Arleta,Bandy,abandyp2@networksolutions.com,Female,102.182.173.120,Australia
904,Dana,Priddey,dpriddeyp3@so-net.ne.jp,Female,245.231.102.227,Australia
905,Klarika,Peacop,kpeacopp4@stanford.edu,Polygender,128.68.134.176,Australia
906,Lyell,Damrel,ldamrelp5@example.com,Male,153.78.14.242,Australia
907,Kendra,Santarelli,ksantarellip6@symantec.com,Female,20.139.56.75,Europe
908,Dre,Wollaston,dwollastonp7@wikia.com,Non-binary,157.123.229.119,North America
909,Claribel,Balstone,cbalstonep8@elegantthemes.com,Female,133.174.107.202,Australia
910,Rosanna,Mulvihill,rmulvihillp9@skyrock.com,Female,80.139.177.224,Australia
911,Sib,Choules,schoulespa@elpais.com,Female,122.125.160.125,North America
912,Marianna,Nuzzi,mnuzzipb@home.pl,Female,206.204.219.176,Australia
913,Charlena,Rheam,crheampc@netlog.com,Female,15.150.94.186,Europe
914,Xylina,Beadle,xbeadlepd@independent.co.uk,Female,142.150.201.230,Australia
915,Penelopa,Remington,premingtonpe@a8.net,Female,97.91.247.163,Australia
916,Ingra,Wedgwood,iwedgwoodpf@ft.com,Male,106.37.47.208,Europe
917,Dew,Dorin,ddorinpg@timesonline.co.uk,Male,88.23.78.17,Europe
918,Jilleen,Patterson,jpattersonph@patch.com,Female,120.30.143.171,North America
919,Grantley,Galpen,ggalpenpi@intel.com,Male,146.165.223.154,North America
920,Joachim,Matelaitis,jmatelaitispj@amazon.co.uk,Male,198.12.198.11,North America
921,Sigrid,Croote,scrootepk@un.org,Agender,7.236.42.227,Europe
922,Misty,Widger,mwidgerpl@nyu.edu,Female,54.24.187.153,Europe
923,Lynette,Graber,lgraberpm@sciencedirect.com,Female,103.144.115.74,Europe
924,Erick,Bosward,eboswardpn@merriam-webster.com,Male,168.7.122.125,Europe
925,Sibilla,Warlowe,swarlowepo@ehow.com,Female,3.236.171.234,North America
926,Elinor,Zanutti,ezanuttipp@admin.ch,Female,157.252.11.44,Australia
927,Ruthy,Thorald,rthoraldpq@diigo.com,Female,232.39.115.236,North America
928,Torrance,De Ferraris,tdeferrarispr@hud.gov,Male,122.177.22.27,Europe
929,Calida,Farish,cfarishps@shinystat.com,Female,36.143.30.200,Australia
930,Cosetta,Champneys,cchampneyspt@1und1.de,Female,236.2.48.170,North America
931,Bartlet,Moreing,bmoreingpu@tinypic.com,Male,167.156.52.167,Europe
932,Mariellen,Boutflour,mboutflourpv@chronoengine.com,Female,124.196.185.196,North America
933,Kippie,Priver,kpriverpw@bandcamp.com,Male,155.62.129.63,Australia
934,Leda,Stephen,lstephenpx@jiathis.com,Female,50.143.33.236,Europe
935,Kaycee,Nicholas,knicholaspy@dot.gov,Female,113.212.114.125,Europe
936,Eilis,Danielis,edanielispz@angelfire.com,Female,243.42.246.93,Australia
937,Shepherd,Pareman,sparemanq0@yolasite.com,Male,211.11.238.57,Europe
938,Gran,Tolworthie,gtolworthieq1@buzzfeed.com,Male,19.194.252.107,North America
939,Ollie,Pirrie,opirrieq2@msu.edu,Male,95.237.106.29,North America
940,Alaster,Downse,adownseq3@si.edu,Male,70.234.224.24,Australia
941,Jarrett,Yurshev,jyurshevq4@nationalgeographic.com,Male,163.193.172.63,Europe
942,Eva,Guerrero,eguerreroq5@spotify.com,Female,248.230.248.199,Europe
943,Conroy,Simonyi,csimonyiq6@taobao.com,Male,47.37.155.41,North America
944,Walsh,Doxsey,wdoxseyq7@nhs.uk,Male,15.167.109.187,Australia
945,Romeo,Lindblad,rlindbladq8@vkontakte.ru,Male,114.56.90.120,North America
946,Shea,Brumbie,sbrumbieq9@paginegialle.it,Female,63.180.50.43,Europe
947,Lambert,Peasegod,lpeasegodqa@kickstarter.com,Male,224.233.218.190,Australia
948,Anabal,Gannon,agannonqb@state.tx.us,Female,101.195.63.250,Australia
949,Brana,Jansema,bjansemaqc@a8.net,Female,16.75.220.23,Europe
950,Ashleigh,Pearl,apearlqd@i2i.jp,Female,149.17.137.50,Australia
951,Lucinda,Costin,lcostinqe@oracle.com,Female,201.11.38.238,North America
952,Noble,Moorman,nmoormanqf@jalbum.net,Male,141.192.141.180,Australia
953,Bay,Ribbon,bribbonqg@eepurl.com,Male,204.239.145.89,Europe
954,Billy,Brittlebank,bbrittlebankqh@cornell.edu,Male,75.137.12.197,North America
955,Dayna,Simmell,dsimmellqi@tripadvisor.com,Female,239.209.73.82,Australia
956,Immanuel,Hoogendorp,ihoogendorpqj@java.com,Male,62.146.243.34,North America
957,Roseline,Gowry,rgowryqk@un.org,Female,123.20.207.150,Europe
958,Georges,Kleinsinger,gkleinsingerql@google.es,Male,205.8.182.94,Australia
959,Merilee,Flahive,mflahiveqm@xing.com,Female,54.142.88.8,Australia
960,Jehanna,Sleet,jsleetqn@wix.com,Female,247.18.25.126,Australia
961,Issy,Madders,imaddersqo@patch.com,Female,192.122.188.88,Europe
962,Humphrey,Triggol,htriggolqp@taobao.com,Male,63.183.246.212,Europe
963,Doyle,Fountain,dfountainqq@ehow.com,Male,125.93.46.17,Europe
964,Cathi,Rangall,crangallqr@examiner.com,Female,35.217.3.156,Europe
965,Theodore,Blockley,tblockleyqs@qq.com,Male,56.92.54.179,North America
966,Lambert,Janssens,ljanssensqt@nationalgeographic.com,Male,188.69.82.91,Australia
967,Cort,Flinn,cflinnqu@domainmarket.com,Non-binary,31.186.52.151,North America
968,Elayne,Aizikovitz,eaizikovitzqv@va.gov,Bigender,154.143.21.31,North America
969,Misty,Kisbey,mkisbeyqw@networksolutions.com,Female,44.57.148.201,Australia
970,Kaia,Frigout,kfrigoutqx@buzzfeed.com,Agender,220.218.246.198,Australia
971,Berry,Plaschke,bplaschkeqy@sbwire.com,Female,101.9.218.3,Europe
972,Janella,Hansen,jhansenqz@theglobeandmail.com,Female,83.189.123.60,Europe
973,Sari,Lown,slownr0@washingtonpost.com,Female,29.173.200.207,Europe
974,Lorna,Ludewig,lludewigr1@google.com.br,Female,98.86.188.28,Australia
975,Ernesto,Churchman,echurchmanr2@tamu.edu,Genderqueer,234.93.70.95,Europe
976,Teddie,Montford,tmontfordr3@disqus.com,Male,78.53.0.205,North America
977,Evvie,Szymon,eszymonr4@google.com.au,Female,153.151.20.19,North America
978,Tracee,Folker,tfolkerr5@last.fm,Female,3.27.222.193,North America
979,Gwyneth,Henighan,ghenighanr6@freewebs.com,Female,126.172.53.130,North America
980,Loralie,Cowin,lcowinr7@delicious.com,Female,15.58.141.160,North America
981,Filide,Bales,fbalesr8@angelfire.com,Female,95.71.70.25,Australia
982,Bobby,Longford,blongfordr9@google.fr,Male,43.250.193.55,Europe
983,Benny,Hrachovec,bhrachovecra@wordpress.org,Female,151.194.148.201,Europe
984,Duane,Whiley,dwhileyrb@umn.edu,Male,149.177.127.96,Australia
985,Hersh,Spear,hspearrc@japanpost.jp,Male,254.123.91.227,Europe
986,Mal,Guerra,mguerrard@printfriendly.com,Male,33.123.111.231,Australia
987,Chrotoem,Eyres,ceyresre@home.pl,Male,166.124.238.86,North America
988,Stanfield,Bossel,sbosselrf@cpanel.net,Polygender,191.227.23.126,Europe
989,Elayne,Cronshaw,ecronshawrg@mashable.com,Female,161.222.106.115,Australia
990,Lorna,Terron,lterronrh@phoca.cz,Female,60.237.10.105,North America
991,Heath,Lauks,hlauksri@squidoo.com,Male,140.16.252.154,Europe
992,Leora,Antuoni,lantuonirj@xinhuanet.com,Female,126.159.7.22,Australia
993,Dita,Gair,dgairrk@rakuten.co.jp,Female,16.75.192.106,Europe
994,Fidel,Alty,faltyrl@ed.gov,Male,185.96.53.184,Australia
995,Mick,Dimmne,mdimmnerm@businesswire.com,Male,220.66.91.8,North America
996,Rosanna,Jonczyk,rjonczykrn@bloomberg.com,Genderfluid,126.233.19.0,Australia
997,Moses,Gorvin,mgorvinro@jigsy.com,Male,241.76.56.230,Australia
998,Karalynn,Margach,kmargachrp@techcrunch.com,Female,229.215.70.13,North America
999,Pascale,Tripett,ptripettrq@microsoft.com,Male,134.5.1.253,Europe
1000,Jennilee,Youngman,jyoungmanrr@loc.gov,Non-binary,205.27.166.54,North America